Date,Name,Nationality,Cause of death,Mountain
25 July 2021,Rick Allen,United Kingdom,Avalanche,K2
5 February 2021,Ali Sadpara,Pakistan,Storm,K2
5 February 2021,Juan Pablo Mohr Prieto,Chile,Storm,K2
5 February 2021,John Snorri Sigurjónsson,Iceland,Storm,K2
5 February 2021,Atanas Skatov,Bulgaria,Fall,K2
16 January 2021,Sergi Mingote,Spain,Fall,K2
22 July 2018,Kojiro Watanabe,Japan,Fall,K2
7 July 2018,Serge Dessureault,Canada,Fall,K2
30 July 2014,Miguel Ángel Pérez,Spain,Illness,K2
26/27 July 2013,Marty Schmidt,New Zealand / USA,Avalanche,K2
26/27 July 2013,Denali Schmidt(son of Marty Schmidt),New Zealand / USA,Avalanche,K2
6 February 2012,Vitaliy Gorelik,Russia,Heart attack,K2
6 August 2010,Fredrik Ericsson,Sweden,Fall,K2
17 July 2010,Petar Georgiev Unzhiev,Bulgaria,Illness,K2
23 June 2009,Michele Fait,Italy,Fall,K2
2 August 2008,Hwang Dong-jin,South Korea,Fall,K2
2 August 2008,Park Kyeong-hyo,South Korea,Fall,K2
2 August 2008,Kim Hyo-gyung,South Korea,Fall,K2
2 August 2008,Meherban Karim,Pakistan,Fall,K2
2 August 2008,Hugues d'Aubarede,France,Fall,K2
2 August 2008,Gerard McDonnell,Ireland,Fall,K2
2 August 2008,Pasang Bhote,Nepal,Fall,K2
2 August 2008,Jumic Bhote,Nepal,Fall,K2
2 August 2008,Rolf Bae,Norway,Fall,K2
2 August 2008,Jahan Baig,Pakistan,Fall,K2
2 August 2008,Dren Mandić,Serbia,Fall,K2
20 July 2007,Stefano Zavka,Italy,Disappeared,K2
20 July 2007,Nima Nurbu,Nepal,Fall,K2
13 August 2006,Arkadi Kuvakin,Russia,Avalanche,K2
13 August 2006,Aleksandr Foigt,Russia,Avalanche,K2
13 August 2006,Piotr Kuznetsov,Russia,Avalanche,K2
13 August 2006,Yuri Uteshev,Russia,Avalanche,K2
19 August 2004,Manel de la Mata,Spain,Altitude sickness,K2
2 August 2004,Dauoud Khadem Asl,Iran,Storm,K2
2 August 2004,Sergei Sokolov,Russia,Storm,K2
28 July 2004,Aleksandr Gubaev,Kyrgyzstan,Fall,K2
8 June 2004,Pae Kyong-kyu,South Korea,Avalanche,K2
8 June 2004,Kim Jae-koung,South Korea,Avalanche,K2
8 June 2004,Lee Hwa-hyeung,South Korea,Avalanche,K2
21 July 2003,Klaus-Dieter Grohs,Germany,Fall,K2
22 July 2002,Muhammad Iqbal,Pakistan,Fall,K2
13 July 2002,Sher Ajman,Pakistan,Avalanche,K2
"2001, 22 July",Park Young-do,South Korea,Fall,K2
"1999, 10 July",Mihai Cioroianu,Romania,Fall,K2
"1996, 14 August",Igor Benkin,Russia,Exhaustion,K2
"1996, 29 July",Lorenzo Mazzoleni,Italy,Fall,K2
"1995, 15 August",Jeff Lakes,Canada,Exhaustion,K2
"1995, 13 August",Bruce Grant,New Zealand,Storm,K2
"1995, 13 August",Rob Slater,USA,Storm,K2
"1995, 13 August",Alison Hargreaves,United Kingdom,Storm,K2
"1995, 13 August",Javier Escartin,Spain,Storm,K2
"1995, 13 August",Javier Olivar,Spain,Storm,K2
"1995, 13 August",Lorenzo Ortiz,Spain,Storm,K2
"1995, 6 July",Jordi Anglès,Spain,Fall,K2
"1994, 11 August","Juan Antonio ""Atxo"" Apellániz",Spain,Altitude sickness,K2
"1994, 24 July",Steve Untch,USA,Fall,K2
"1994, 10 July",Dmitri Ibragim-Zade,Ukraine,Storm,K2
"1994, 10 July",Aleksandr Parkhomenko,Ukraine,Storm,K2
"1994, 10 July",Aleksei Kharaldin,Ukraine,Storm,K2
"1993, 31 July",Daniel Bidner,Sweden,Illness,K2
"1993, 30 July",Reinmar Joswig,Germany,Fall,K2
"1993, 30 July",Peter Mezger,Germany,Fall,K2
"1993, 7 July",Dan Culver,Canada,Fall,K2
"1993, 15 June",Boštjan Kekec,Slovenia,Illness,K2
"1992, 14 August",Adrián Benítez,Mexico,Fall,K2
"1989, 28 July",Hans Bärnthaler,Austria,Avalanche,K2
"1987, 24 August",Akira Suzuki,Japan,Fall,K2
"1986, 10 August",Dobrosława Miodowicz-Wolf,Poland,Exhaustion,K2
"1986, 10 August",Alfred Imitzer,Austria,Illness,K2
"1986, 10 August",Hannes Wieser,Austria,Illness,K2
"1986, 10 August",Alan Rouse,United Kingdom,Illness,K2
"1986, 7 August",Julie Tullis,United Kingdom,Illness,K2
"1986, 4 August",Mohammad Ali,Pakistan,Fall,K2
"1986, 3 August",Wojciech Wróż [pl],Poland,Fall,K2
"1986, 16 July",Renato Casarotto,Italy,Fall,K2
"1986, 10 July",Tadeusz Piotrowski,Poland,Fall,K2
"1986, 24 June",Maurice Barrard,France,Disappeared,K2
"1986, 24 June",Liliane Barrard,France,Disappeared,K2
"1986, 21 June",John Smolich,USA,Avalanche,K2
"1986, 21 June",Alan Pennington,USA,Avalanche,K2
"1985, 7 July",Daniel Lacroix,France,Disappeared,K2
"1982, 15 August",Yukihiro Yanagisawa,Japan,Fall,K2
"1982, 30 July",Halina Krüger-Syrokomska,Poland,Unknown,K2
"1979, 19 August",Laskhar Khan,Pakistan,Unknown,K2
"1979, 9 June","Ali, Son of Kazim",Pakistan,Fall,K2
"1978, 12 June",Nick Estcourt,United Kingdom,Avalanche,K2
"1954, 21 June",Mario Puchoz,Italy,Illness,K2
"1953, 10 August",Art Gilkey,USA,Avalanche,K2
"1939, 31 July",Pasang Kikuli,Nepal,Disappeared,K2
"1939, 31 July",Pasang Kitar,Nepal,Disappeared,K2
"1939, 31 July",Pintso,Nepal,Disappeared,K2
"1939, 30 July",Dudley Wolfe,USA,Illness,K2
17 May 2019,Ivan Tomov,Bulgaria,Altitude sickness,Lhotse
17 May 2018,Rustem Amirov,Russia,Illness,Lhotse
19 May 2016,Ang Furba Sherpa,Nepal,Fall,Lhotse
27 April 2015,Hiroshi Yamagata,Japan,Avalanche,Lhotse
25 April 2015,Zhen-Fang Ge,China,Avalanche,Lhotse
18 April 2014,Asman Tamang,Nepal,Avalanche,Lhotse
20 May 2013,Hsiao-Shih Lee,Taiwan,Illness,Lhotse
16 October 2012,Temba Sherpa,Nepal,Fall,Lhotse
21 May 2012,Milan Sedláček,Czech Republic,Exhaustion,Lhotse
7 May 2010,Sergey Duganov,Russia,Illness,Lhotse
25 May 2009,Sergey Samoilov,Kazakhstan,Fall,Lhotse
21 May 2007,Pemba Doma,Nepal,Fall,Lhotse
9 May 2006,Pavel Kalný,Czech Republic,Fall,Lhotse
5 October 2003,Sun-dug Hwang,South Korea,Avalanche,Lhotse
5 October 2003,Joo-hoon Park,South Korea,Avalanche,Lhotse
17 September 2000,Vladimir Bondarev,Russia,Avalanche,Lhotse
27 May 1997,Vladimir Bashkirov,Russia,Illness,Lhotse
24 October 1989,Jerzy Kukuczka,Poland,Fall,Lhotse
27 September 1987,Antoni (Toni) Sors,Spain,Avalanche,Lhotse
27 September 1987,Sergio Escalera,Spain,Avalanche,Lhotse
27 September 1987,Francesc Porras,Spain,Avalanche,Lhotse
27 September 1987,Antonio Quiñones,Spain,Avalanche,Lhotse
14 September 1987,Czesław Jakiel,Poland,Avalanche,Lhotse
30 October 1986,Pedro Alonso,Spain,Fall,Lhotse
25 October 1985,Rafał Chołda,Poland,Fall,Lhotse
16 October 1981,Philippe Petten,Switzerland,Disappeared,Lhotse
16 October 1981,Pierre Favez,Switzerland,Disappeared,Lhotse
17 May 1980,Pasang Nima,Nepal,Avalanche,Lhotse
28 April 1980,Nicolas Jaeger,France,Disappeared,Lhotse
12 May 1977,Max Lutz,West Germany,Fall,Lhotse
17 December 1974,Stanislaw Latałło,Poland,Exhaustion,Lhotse
"2022, 6th May",Narayanan Iyer,India,Illness,Kangchenjunga
"2019, 15 May",Biplab Baidya,India,Exposure,Kangchenjunga
"2019, 15 May",Kuntal Kanrar,India,Exposure,Kangchenjunga
"2019, 15 May",Rodrigo Vivanco,Chile,Disappeared,Kangchenjunga
"2014, 20 May",Chhanda Gayen,India,Fall,Kangchenjunga
"2014, 20 May",Migma Temba,Nepal,Fall,Kangchenjunga
"2014, 20 May",Dewa Wangchu,Nepal,Fall,Kangchenjunga
"2013, 21 May",Bibash Gurung Sherpa,Nepal,Fall,Kangchenjunga
"2013, 21 May",Pho Dorchi Sherpa,Nepal,Fall,Kangchenjunga
"2013, 21 May",Park-nam Su,South Korea,Fall,Kangchenjunga
"2013, 21 May",Péter Kiss,Hungary,Fall,Kangchenjunga
"2013, 21 May",Zsolt Erőss,Hungary,Disappeared,Kangchenjunga
"2007, 25 May",Iñigo de Pineda,Spain,Fall,Kangchenjunga
"2002, 24 May",Christopher Grasswick,Canada,Fall,Kangchenjunga
"2000, 23 April",Ang Dawa Tamang,Nepal,Fall,Kangchenjunga
"1999,14 September",Myeong-kun Hyun,South Korea,Avalanche,Kangchenjunga
"1999,14 September",Do-kyu Han,South Korea,Avalanche,Kangchenjunga
"1998, 16 May",Atsushi Shiina,Japan,Altitude sickness,Kangchenjunga
"1998, 16 May",Kenzo Akasaka,Japan,Exhaustion,Kangchenjunga
"1995, 6 October",Benoît Chamoux,France,Disappeared,Kangchenjunga
"1995, 5 October",Pierre Royer,France,Disappeared,Kangchenjunga
"1995, 5 October",Sherpa Riku,Nepal,Fall,Kangchenjunga
"1994, 23 October",Yordanka Dimitrova,Bulgaria,Disappeared,Kangchenjunga
"1994, 10 October",Sergei Zhvirblya,Belarus,Avalanche,Kangchenjunga
"1994, 10 October",Ekaterina Ivanova,Russia,Avalanche,Kangchenjunga
"1992, 13 May",Wanda Rutkiewicz,Poland,Disappeared,Kangchenjunga
"1992, 25 April",Ang Dorje,Nepal,Unknown,Kangchenjunga
"1992, 25 April",Lhakpa Nuru,Nepal,Unknown,Kangchenjunga
"1991, 16 May",Pasang II,India,Fall,Kangchenjunga
"1991, 3 May",Jože Rozman,Yugoslavia,Fall,Kangchenjunga
"1991, 3 May",Marija Frantar,Yugoslavia,Fall,Kangchenjunga
"1989, 20 December",Tchiring Chumbi Lama,Nepal,Fall,Kangchenjunga
"1989, 20 December",Ang Dawa,Nepal,Fall,Kangchenjunga
"1989, 20 December",Kyo-sup Jin,South Korea,Fall,Kangchenjunga
"1988, 17 May",Sanjay Borole,India,Exposure,Kangchenjunga
"1987, 31 May",Chander Singh,India,Fall,Kangchenjunga
"1987, 25 May",Chorten Tshering,India,Disappeared,Kangchenjunga
"1987, 25 May",Phu Pu Bhutia,India,Disappeared,Kangchenjunga
"1987, 25 May",Phu Dorje II,India,Disappeared,Kangchenjunga
1986 January 11,Andrzej Czok,Poland,Altitude sickness,Kangchenjunga
22 April 1985,Borut Bergant,Yugoslavia,Fall,Kangchenjunga
1985 January 14,Chris Chandler,United States,Altitude sickness,Kangchenjunga
1981 October 15,Jean-Jacques Ricouard,France,Fall,Kangchenjunga
4 May 1980,Alfonso Medina,Mexico,Disappeared,Kangchenjunga
4 May 1980,Hugo Saldaña,Mexico,Disappeared,Kangchenjunga
1977 April 12,Sukhvinder Singh,India,Fall,Kangchenjunga
1973 May 15,Takeo Matsuda,Japan,Fall,Kangchenjunga
26 May 1955,Pemi Dorje,India,Fall,Kangchenjunga
9 August 1931,Hermann Schaller,Germany,Fall,Kangchenjunga
9 August 1931,Pasang 1,India,Fall,Kangchenjunga
August 1931,Babu Lall,India,Illness,Kangchenjunga
July 1931,Lobsang,India,Illness,Kangchenjunga
9 May 1930,Chettan,India,Avalanche,Kangchenjunga
27 May 1929,Edgar Farmer,United States,Disappeared,Kangchenjunga
1905 September 1,three unnamed others,India,Fall,Kangchenjunga
1905 September 1,Alexis Pache,Switzerland,Fall,Kangchenjunga
28 August 1905,unnamed porter,India,Fall,Kangchenjunga
24 May 2019,Nima Tshering Sherpa,Nepal,Unknown,Makalu
16 May 2019,Dipankar Ghos,India,Disappeared,Makalu
16 May 2019,Narayan Singh,India,Illness,Makalu
8 May 2019,Richard Hidalgo,Peru,Unknown,Makalu
14 May 2018,Ang Dawa Sherpa,Nepal,Illness,Makalu
11 May 2016,Lakpa Sherpa,Nepal,Exhaustion,Makalu
11 May 2016,Dawa Tenji Sherpa,Nepal,Exhaustion,Makalu
2 May 2014,Yannick Gagneret,France,Altitude sickness,Makalu
24 April 2013,Liu Xiang-Yang,China,Fall,Makalu
22 May 2011,Joëlle Brupbacher,Switzerland,Illness,Makalu
30 May 2010,Zaharias (Haris) Kiriakakis,Greece,Disappeared,Makalu
24 May 2009,Sangat Ram Thakur,India,Illness,Makalu
20 May 2008,Nil Prasad Gurung,Nepal,Illness,Makalu
24 April 2008,Drabey Bahadur Rajan Mongar,Nepal,Fall,Makalu
27 January 2006,Jean-Christophe Lafaille,France,Disappeared,Makalu
15 May 2005,Sumba Sherpa,Nepal,Illness,Makalu
18 May 2004,Jay Sieger,United States,Fall,Makalu
17 May 2004,Vladislav Terzyul,Ukraine,Fall,Makalu
25 April 2002,Raymond Caughron,United States,Exhaustion,Makalu
14 May 2001,Eric Resch,Australia,Disappeared,Makalu
16 May 2000,Bernd Mehnert,Germany,Altitude sickness,Makalu
11 October 1999,Sange Sherpa,Nepal,Avalanche,Makalu
30 April 1999,Michael Knakkergaard-Jørgensen,Denmark,Fall,Makalu
13 October 1997,Per Lyhne,Denmark,Illness,Makalu
24 May 1997,Igor Bugachevski,Russia,Fall,Makalu
21 May 1997,Salavat Khabibullin,Russia,Exhaustion,Makalu
14 May 1996,Anatoli Chlekht,Russia,Fall,Makalu
8 May 1995,David Hume,Australia,Fall,Makalu
8 October 1991,Takumi Ishizaka,Japan,Exposure,Makalu
2 October 1991,Manuel (Manu) Badiola,Spain,Fall,Makalu
14 October 1988,Ryszard Kołakowski,Poland,Disappeared,Makalu
25 September 1986,Marcel Rüedi,Switzerland,Exhaustion,Makalu
13 September 1984,Ram Bahadur Shresta,Nepal,Altitude sickness,Makalu
15 October 1983,Mark Moorhead,Australia,Fall,Makalu
3 October 1983,William Denz,New Zealand,Avalanche,Makalu
26 September 1982,Tadeusz Szulc,Poland,Illness,Makalu
6 October 1978,Andrzej Młynarczyk,Poland,Avalanche,Makalu
25 May 1976,Karel Schubert,Czechoslovakia,Exposure,Makalu
26 May 1973,Jan Kounický,Czechoslovakia,Fall,Makalu
26 September 1954,Dilli Bahadur Verma,Nepal,Illness,Makalu
"May 8, 2022",Pavel Kostrikin,Russia,Illness,Mount Everest
"April 14, 2022",Ngimi Tenji Sherpa,Nepal,Exhaustion,Mount Everest
"May 23, 2021",Wong Dorchi Sherpa,Nepal,Fall,Mount Everest
"May 18, 2021",Pemba Tashi Sherpa,Nepal,Fall,Mount Everest
"May 12, 2021",Abdul Waraich,Switzerland,Exhaustion,Mount Everest
"May 12, 2021",Puwei Liu,United States,Exhaustion,Mount Everest
"May 27, 2019",Christopher Jon Kulish,United States,Heart attack,Mount Everest
"May 25, 2019",Robin Haynes Fisher,United Kingdom,Exhaustion,Mount Everest
"May 24, 2019",Dhruba Bista,Nepal,Illness,Mount Everest
"May 24, 2019",Kevin Hynes,Ireland,Illness,Mount Everest
"May 23, 2019",Kalpana Dash,India,Exhaustion,Mount Everest
"May 23, 2019",Anjali S Kulkarni,India,Exhaustion,Mount Everest
"May 23, 2019",Ernst Landgraf,Austria,Exhaustion,Mount Everest
"May 23, 2019",Nihal Bagwan,India,Exhaustion,Mount Everest
"May 22, 2019",Donald Cash,United States,Illness,Mount Everest
"May 17, 2019",Ravi Thakar,India,Illness,Mount Everest
"May 16, 2019",Séamus (Shay) Lawless,Ireland,Fall,Mount Everest
"April 20, 2019",Chris Daly,United States,Fall,Mount Everest
"May 21, 2018",Damai Sarki Sherpa,Nepal,Fall,Mount Everest
"May 21, 2018",Nobukazu Kuriki,Japan,Exposure,Mount Everest
"May 20, 2018",Gjeorgi Petkov,North Macedonia,Heart attack,Mount Everest
"May 18, 2018",Pasang Norbu Sherpa,Nepal,Unknown,Mount Everest
"May 14, 2018",Lam Babu Sherpa,Nepal,Disappeared,Mount Everest
"May 21, 2017",Ravi Kumar,India,Fall,Mount Everest
"May 21, 2017",Francesco Enrico Marchetti,Australia,Illness,Mount Everest
"May 21, 2017",Vladimír Štrba,Slovakia,Illness,Mount Everest
"May 20, 2017",Roland Yearwood,United States,Illness,Mount Everest
"May 5, 2017",Min Bahadur Sherchan,Nepal,Heart attack,Mount Everest
"May 22, 2016",Goutam Ghosh,India,Exposure,Mount Everest
"May 22, 2016",Paresh Chandra Nath,India,Exposure,Mount Everest
"May 22, 2016",Subhash Pal,India,Illness,Mount Everest
"May 22, 2016",Marisa Elizabeth Strydom,Australia  South Africa,Unknown,Mount Everest
"May 21, 2016",Eric Arnold,Netherlands,Illness,Mount Everest
"May 19, 2016",Phurba Sherpa,Nepal,Fall,Mount Everest
"May 11, 2016",Charles MacAdams,Canada,Heart attack,Mount Everest
"May 1, 2015",Jangbu Sherpa,Nepal,Avalanche,Mount Everest
"April 25, 2015",Unknown climber,?,Avalanche,Mount Everest
"April 25, 2015",Shiva Kumar Shrestha,Nepal,Avalanche,Mount Everest
"April 25, 2015",Vinh B Truong,United States Vietnam,Avalanche,Mount Everest
"April 25, 2015",Lhakpa Chhiring Sherpa,Nepal,Avalanche,Mount Everest
"April 25, 2015",Renu Fotedar,Australia India,Avalanche,Mount Everest
"April 25, 2015",Tenzing (Tengien) Bhote,Nepal,Avalanche,Mount Everest
"April 25, 2015",Krishna Kumar Rai,Nepal,Avalanche,Mount Everest
"April 25, 2015",Pasang Temba Sherpa,Nepal,Avalanche,Mount Everest
"April 25, 2015",Pema Yishi (Hissi) Sherpa,Nepal,Avalanche,Mount Everest
"April 25, 2015",Chhimi Dawa Sherpa,Nepal,Avalanche,Mount Everest
"April 25, 2015",Maila (Milan) Rai,Nepal,Avalanche,Mount Everest
"April 25, 2015",Dawa Tsering Sherpa,Nepal,Avalanche,Mount Everest
"April 25, 2015",Pemba Sherpa,Nepal,Avalanche,Mount Everest
"April 25, 2015",Thomas Ely Taplin,United States,Avalanche,Mount Everest
"April 25, 2015",Marisa Eve Girawong,United States,Avalanche,Mount Everest
"April 25, 2015",Daniel Paul Fredinburg,United States,Avalanche,Mount Everest
"April 18, 2014",Aash Bahadur Gurung,Nepal,Avalanche,Mount Everest
"April 18, 2014",PemTenji Sherpa,Nepal,Avalanche,Mount Everest
"April 18, 2014",Ankaji Sherpa,Nepal,Avalanche,Mount Everest
"April 18, 2014",Pasang Karma Sherpa,Nepal,Avalanche,Mount Everest
"April 18, 2014",Phur Temba Sherpa,Nepal,Avalanche,Mount Everest
"April 18, 2014",Then Dorjee Sherpa,Nepal,Avalanche,Mount Everest
"April 18, 2014",Dorjee Khatri,Nepal,Avalanche,Mount Everest
"April 18, 2014",Chhiring Ongchu Sherpa,Nepal,Avalanche,Mount Everest
"April 18, 2014",Lapka Tenjing Sherpa,Nepal,Avalanche,Mount Everest
"April 18, 2014",Phurba Ongyal Sherpa,Nepal,Avalanche,Mount Everest
"April 18, 2014",Tenzing Chottar Sherpa,Nepal,Avalanche,Mount Everest
"April 18, 2014",Nima Sherpa,Nepal,Avalanche,Mount Everest
"April 18, 2014",Ang Tshiri Sherpa,Nepal,Avalanche,Mount Everest
"April 18, 2014",Dorji Sherpa,Nepal,Avalanche,Mount Everest
"April 18, 2014",Mingma Nuru Sherpa,Nepal,Avalanche,Mount Everest
"April 2, 2014",Mingma Tenzing Sherpa,Nepal,Altitude sickness,Mount Everest
"May 22, 2013",Unknown climber,Nepal,Illness,Mount Everest
"May 21, 2013",Sajal Khaled(Mohammed Khaled Hossain),Bangladesh,Illness,Mount Everest
"May 21, 2013",Seo Sung-ho,South Korea,Illness,Mount Everest
"May 17, 2013",Namgyal Sherpa,Nepal,Unknown,Mount Everest
"May 15, 2013",Alexey Bolotov,Russia,Fall,Mount Everest
"May 7, 2013",Lobsang Sherpa,Nepal,Fall,Mount Everest
"May 5, 2013",Sergey Ponomarev,Russia,Heart attack,Mount Everest
"May 5, 2013",DaRita Sherpa,Nepal,Heart attack,Mount Everest
"April 7, 2013",Mingma Sherpa,Nepal,Fall,Mount Everest
"May 20, 2012",Ralf D. Arnold,Germany,Exhaustion,Mount Everest
"May 20, 2012",Juan José Polo Carbayo,Spain,Exhaustion,Mount Everest
"May 20, 2012",Ha Wenyi,China,Illness,Mount Everest
"May 19, 2012",Song Won-bin,South Korea,Fall,Mount Everest
"May 19, 2012",Eberhard Schaaf,Germany,Altitude sickness,Mount Everest
"May 19, 2012",Shriya Shah-Klorfine,Canada,Exhaustion,Mount Everest
"April 21, 2012",Namgyal Tshering Sherpa,Nepal,Fall,Mount Everest
"April 20, 2012",Ramesh Gulve,India,Unknown,Mount Everest
"April 19, 2012",Karsang Namgyal Sherpa,Nepal,Illness,Mount Everest
"April 5, 2012",Dawa Tenzing,Nepal,Unknown,Mount Everest
"September 15, 2011",Hiroaki Kino,Japan,Altitude sickness,Mount Everest
"May 21, 2011",John Delaney,Ireland,Illness,Mount Everest
"May 12, 2011",Takashi Ozaki,Japan,Illness,Mount Everest
"May 9, 2011",Shailendra Kumar Upadhyaya,Nepal,Illness,Mount Everest
"May 1, 2011",Rick Hitch,United States,Heart attack,Mount Everest
"May 26, 2010",Peter Kinloch,United Kingdom,Exhaustion,Mount Everest
"May 19, 2010",Tom Jørgensen,Denmark,Altitude sickness,Mount Everest
"April 26, 2010",László Várkonyi,Hungary,Avalanche,Mount Everest
"May 21, 2009",Frank Ziebarth,Canada,Exposure,Mount Everest
"May 19, 2009",Wenhong Wu,China,Illness,Mount Everest
"May 18, 2009",Věslav Chrzaszcz,Czech,Heart attack,Mount Everest
"May 7, 2009",Lhakpa Nuru,Nepal,Avalanche,Mount Everest
"May 21, 2008",Uwe Gianni Goltz,Switzerland,Exhaustion,Mount Everest
"May 17, 2007",Lee Hyun-jo,South Korea,Unknown,Mount Everest
"May 17, 2007",Oh Hee-joon,South Korea,Unknown,Mount Everest
"May 17, 2007",Maurizio Pierangelo,Italy,Unknown,Mount Everest
"May 16, 2007",Yoshitomi Okura,Japan,Unknown,Mount Everest
"May 17, 2007",Libor Kozak,Czech,Unknown,Mount Everest
"May 17, 2007",Shinichi Ishii,Japan,Unknown,Mount Everest
"April 26, 2007",Dawa Sherpa,Nepal,Unknown,Mount Everest
"May 25, 2006",Thomas Weber,Germany,Illness,Mount Everest
"May 22, 2006",Igor Plyushkin,Russia,Illness,Mount Everest
"May 19, 2006",Vitor Negrete,Brazil,Exposure,Mount Everest
"May 16, 2006",Tomas Olsson,Sweden,Fall,Mount Everest
"May 15, 2006",David Sharp,United Kingdom,Exposure,Mount Everest
"May 14, 2006",Srikrishna,India,Fall,Mount Everest
"May 6, 2006",Jacques-Hugues Letrange,France,Exhaustion,Mount Everest
"April 21, 2006",Dawa Temba,Nepal,Avalanche,Mount Everest
"April 21, 2006",Lhakpa Tseri,Nepal,Avalanche,Mount Everest
"April 21, 2006",Ang Phinjo Sherpa,Nepal,Avalanche,Mount Everest
"April 7, 2006",Tuk Bahadur Thapa Magar Sherpa,Nepal,Altitude sickness,Mount Everest
"June 5, 2005",Robert William Milne,United Kingdom,Unknown,Mount Everest
"June 4, 2005",Dieter Kramer,Germany,Exposure,Mount Everest
"May 30, 2005",Sirigereshiva Shankarappa Chaitanya,India,Exposure,Mount Everest
"May 21, 2005",Marko Lihteneker,Slovenia,Exhaustion,Mount Everest
"May 2, 2005",Michael Corey O'Brien[117],United States,Fall,Mount Everest
"April 28, 2005",Sean Egan,Canada,Heart attack,Mount Everest
"May 23, 2004",Mariana Prodanova Maslarova,Bulgaria,Exposure,Mount Everest
"May 20, 2004",Shoko Ota,Japan,Exposure,Mount Everest
"May 20, 2004",Hristo Ganchev Hristov,Bulgaria,Exposure,Mount Everest
"May 18, 2004",Nils Antezana,United States Bolivia,Exposure,Mount Everest
"May 18, 2004",Mu-taek Park,South Korea,Exposure,Mount Everest
"May 18, 2004",Min Jang,South Korea,Exposure,Mount Everest
"May 18, 2004",Joon-ho Baek,South Korea,Exposure,Mount Everest
"May 24, 2003",Karma Gyalzen Sherpa,Nepal,Illness,Mount Everest
"May 8, 2003",Arnaud Saulnier,France,Illness,Mount Everest
"May 25, 2003",Jan Krzysztof Liszewski,Poland,Fall,Mount Everest
"May 27, 2003",Bhim Bahadur Gurung,Nepal,Fall,Mount Everest
"September 8, 2002",Marco Siffredi,France,Unknown,Mount Everest
"May 19, 2002",Zoran Miletić,FR Yugoslavia,Unknown,Mount Everest
"April 30, 2002",Peter Legate,United Kingdom,Fall,Mount Everest
"October 17, 2001",Sándor Gárdos,Hungary,Fall,Mount Everest
"May 24, 2001",Aleksei Nikiforov,Russia,Illness,Mount Everest
"May 24, 2001",Mark Auricht,Australia,Altitude sickness,Mount Everest
"May 23, 2001",Peter Ganner,Austria,Fall,Mount Everest
"April 29, 2001",Babu Chiri Sherpa,Nepal,Fall,Mount Everest
"May 21, 2000",Yan Genghua,China,Disappeared,Mount Everest
"May 20, 2000",Jeppe Stoltz,Denmark,Fall,Mount Everest
"May 18, 1999",Pascal Debrouwer,Belgium,Fall,Mount Everest
"May 18, 1999",Tadeusz Kudelski,Poland,Fall,Mount Everest
"May 13, 1999",Michael Matthews,United Kingdom,Unknown,Mount Everest
"May 8, 1999",Vasyl Kopytko,Ukraine,Unknown,Mount Everest
"July 24, 1998",Shahid Abdul Khader,India,Fall,Mount Everest
"May 26, 1998",Roger Buick,New Zealand,Exhaustion,Mount Everest
"May 25, 1998",Mark Jennings,United Kingdom,Exhaustion,Mount Everest
"May 24, 1998",Francys Arsentiev,United States,Altitude sickness,Mount Everest
"May 24, 1998",Sergei Arsentiev,United States,Fall,Mount Everest
"September 8, 1997",Choi Byong-soo,South Korea,Avalanche,Mount Everest
"September 8, 1997",Tenzing Nuru,Nepal,Disappeared,Mount Everest
"May 8, 1997",Peter Kowalzik,Germany,Disappeared,Mount Everest
"May 7, 1997",Mingma,Nepal,Fall,Mount Everest
"May 7, 1997",Nikolai Shevtchenko,Russia,Exposure,Mount Everest
"May 7, 1997",Ivan Plotnikov,Russia,Exposure,Mount Everest
"May 7, 1997",Aleksandr Torochin,Russia,Fall,Mount Everest
"May 6, 1997",Nima Rinzi,United Kingdom,Fall,Mount Everest
"April 23, 1997",Malcolm Duff,United Kingdom,Heart attack,Mount Everest
"September 25, 1996",Dawa,Nepal,Avalanche,Mount Everest
"September 25, 1996",Lopsang Jangbu,Nepal,Avalanche,Mount Everest
"September 25, 1996",Yves Bouchon,France,Avalanche,Mount Everest
"June 6, 1996",Ngawang Topche,Nepal,Unknown,Mount Everest
"May 25, 1996",Bruce Herrod,United Kingdom,Unknown,Mount Everest
"May 19, 1996",Reinhard Wlasich,Austria,Illness,Mount Everest
"May 11, 1996",Tsewang Samanla,India,Exposure,Mount Everest
"May 11, 1996",Tsewang Paljor,India,Exposure,Mount Everest
"May 11, 1996",Dorje Morup,India,Exposure,Mount Everest
"May 11, 1996",Yasuko Namba,Japan,Exposure,Mount Everest
"May 11, 1996",Andrew Harris,New Zealand,Disappeared,Mount Everest
"May 11, 1996",Doug Hansen,United States,Exposure,Mount Everest
"May 11, 1996",Rob Hall,New Zealand,Exposure,Mount Everest
"May 11, 1996",Scott Fischer,United States,Altitude sickness,Mount Everest
"May 9, 1996",Chen Yu-Nan,Taiwan,Fall,Mount Everest
"October 14, 1995",Zangbu,Nepal,Fall,Mount Everest
"September 10, 1995",Lhakpa Nuru,Nepal,Unknown,Mount Everest
"May 6, 1995",Kami Rita,Nepal,Fall,Mount Everest
"September 12, 1994",Mingma Norbu,Nepal,Avalanche,Mount Everest
"May 27, 1994",Mike Rheinberger,Australia,Fall,Mount Everest
"May 18, 1994",Giuseppe Vigani,Italy,Fall,Mount Everest
"May 9, 1994",Shih Fang-Fang 'Norman',Taiwan,Exposure,Mount Everest
"April 6, 1994",Prem Thapa,Nepal,Altitude sickness,Mount Everest
"October 7, 1993",Antonio Miranda,Spain,Fall,Mount Everest
"October 5, 1993",Karl Henize,United States,Altitude sickness,Mount Everest
"May 17, 1993",A Jin-seob,South Korea,Fall,Mount Everest
"May 16, 1993",Nam Won-woo,South Korea,Fall,Mount Everest
"May 10, 1993",Lobsang Tshering Bhutia,Nepal,Fall,Mount Everest
"April 23, 1993",Sonam Tshering,Nepal,Disappeared,Mount Everest
"April 23, 1993",Pasang Lhamu Sherpa,Nepal,Disappeared,Mount Everest
"January 15, 1993",Ang Tshering,Nepal,Fall,Mount Everest
"May 23, 1992",Manabu Hoshi,Japan,Disappeared,Mount Everest
"May 23, 1992",Sher Singh,India,Fall,Mount Everest
"May 11, 1992",Subba Singh,Nepal,Heart attack,Mount Everest
"May 2, 1992",Raymond Jacob,India,Exposure,Mount Everest
"May 2, 1992",Deepak Kulkarni,India,Exposure,Mount Everest
"May 27, 1991",Junichi Futagami,Japan,Fall,Mount Everest
"May 3, 1991",Rüdiger Lang,Germany,Exposure,Mount Everest
"October 7, 1990",Ham Sang-hun,South Korea,Disappeared,Mount Everest
"September 14, 1990",Badri Nath,Nepal,Avalanche,Mount Everest
"September 14, 1990",Ang Sona,Nepal,Avalanche,Mount Everest
"September 14, 1990",Rafael Gómez-Menor,Spain,Avalanche,Mount Everest
"December 12, 1989",Ang Pinjo,Nepal,Illness,Mount Everest
"May 28, 1989",Eugeniusz Chrobak,Poland,Avalanche,Mount Everest
"May 27, 1989",Wacław Otręba,Poland,Avalanche,Mount Everest
"May 27, 1989",Andrzej Heinrich,Poland,Avalanche,Mount Everest
"May 27, 1989",Mirosław Gardzielewski,Poland,Avalanche,Mount Everest
"May 27, 1989",Mirosław Dąsal,Poland,Avalanche,Mount Everest
"May 16, 1989",Phu Dorje,Nepal,Fall,Mount Everest
"May 10, 1989",Dimitar Ilievski-Murato,Yugoslavia,Fall,Mount Everest
"December 23, 1988",Ang Lhakpa,Nepal,Altitude sickness,Mount Everest
"October 17, 1988",Jozef Just,Czechoslovakia,Disappeared,Mount Everest
"October 17, 1988",Jaroslav Jaško,Czechoslovakia,Disappeared,Mount Everest
"October 17, 1988",Peter Božík,Czechoslovakia,Disappeared,Mount Everest
"October 17, 1988",Dušan Becík,Czechoslovakia,Disappeared,Mount Everest
"October 13, 1988",Pasang Temba,Nepal,Fall,Mount Everest
"October 13, 1988",Lhakpa Sonam,Nepal,Fall,Mount Everest
"September 21, 1988",Narayan Shrestha,Nepal,Avalanche,Mount Everest
"September 20, 1988",Michel Parmentier,France,Exposure,Mount Everest
"April 21, 1988",Hidetaka Mizukoshi,Japan,Heart attack,Mount Everest
"October 20, 1987",Mangal Singh,Nepal,Avalanche,Mount Everest
"September 2, 1987",Masao Yokoyama,Japan,Unknown,Mount Everest
"May 21, 1987",Roger Marshall,Canada,Disappeared,Mount Everest
"January 30, 1987",Tsuttin Dorje,Nepal,Fall,Mount Everest
"October 17, 1986",Dawa Norbu,Nepal,Avalanche,Mount Everest
"October 4, 1986",Gyalu,Nepal,Fall,Mount Everest
"September 28, 1986",Simon Burkhardt,Switzerland,Avalanche,Mount Everest
"August 16, 1986",Víctor Hugo Trujillo,Chile,Avalanche,Mount Everest
"October 11, 1985",M.U. Bhaskar Rao,India,Exposure,Mount Everest
"October 11, 1985",Vijay Pal Singh Negi,India,Exposure,Mount Everest
"October 11, 1985",Ranjeet Singh Bakshi,India,Exposure,Mount Everest
"October 11, 1985",Jai Bahugana,India,Exposure,Mount Everest
"October 7, 1985",Kiran Inder Kumar,India,Fall,Mount Everest
"September 19, 1985",Shinichi Ishii,Japan,Avalanche,Mount Everest
"May 12, 1985",Juanjo Navarro,Spain,Fall,Mount Everest
"October 24, 1984",Yogendra Bahadur Thapa,Nepal,Fall,Mount Everest
"October 24, 1984",Ang Dorje,Nepal,Fall,Mount Everest
"October 16, 1984",Jozef Psotka,Czechoslovakia,Fall,Mount Everest
"October 9, 1984",Craig Nottle,Australia,Fall,Mount Everest
"October 9, 1984",William (Fred) From,Australia,Fall,Mount Everest
"April 21, 1984",Hristo Ivanov Prodanov,Bulgaria,Disappeared,Mount Everest
"April 3, 1984",Tony Swierzy,United Kingdom,Avalanche,Mount Everest
"March 26, 1984",Ang Rinji,Nepal,Avalanche,Mount Everest
"October 9, 1983",Hiroshi Yoshino,Japan,Fall,Mount Everest
"October 8, 1983",Pasang Temba,Nepal,Fall,Mount Everest
"October 8, 1983",Hironobu Kamuro,Japan,Fall,Mount Everest
"December 28, 1982",Toshiaki Kobayashi,Japan,Disappeared,Mount Everest
"December 28, 1982",Yasuo Kato,Japan,Disappeared,Mount Everest
"October 14, 1982",Nima Dorje,Nepal,Fall,Mount Everest
"September 27, 1982",Lhakpa Tshering,Nepal,Unknown,Mount Everest
"September 2, 1982",Blair Griffiths,Canada,Fall,Mount Everest
"August 31, 1982",Pasang Sona,Nepal,Avalanche,Mount Everest
"August 31, 1982",Dawa Dorje,Nepal,Avalanche,Mount Everest
"August 31, 1982",Ang Chuldim,Nepal,Avalanche,Mount Everest
"May 17, 1982",Joe Tasker,United Kingdom,Disappeared,Mount Everest
"May 17, 1982",Peter Boardman,United Kingdom,Disappeared,Mount Everest
"May 15, 1982",Marty Hoey,United States,Fall,Mount Everest
"January 12, 1981",Noboru Takenaka,Japan,Fall,Mount Everest
"September 22, 1980",Mario Piana,Italy,Fall,Mount Everest
"September 6, 1980",Nawang Kersang,Nepal,Fall,Mount Everest
"May 2, 1980",Akira Ube,Japan,Avalanche,Mount Everest
"October 12, 1979",Nima Thaxi [note 6],China,Avalanche,Mount Everest
"October 12, 1979",Lou Lan [note 5],China,Avalanche,Mount Everest
"October 12, 1979",Wang Hong-bao,China,Avalanche,Mount Everest
"October 2, 1979",Hannelore Schmatz,West Germany,Exposure,Mount Everest
"October 2, 1979",Ray Genet,United States,Exposure,Mount Everest
"May 16, 1979",Ang Phu,Nepal,Fall,Mount Everest
"April 18, 1978",Shi Ming-ji,China,Fall,Mount Everest
"April 18, 1978",Dawa Nuru,Nepal,Fall,Mount Everest
"April 10, 1976",Terry Thompson,United Kingdom,Fall,Mount Everest
"September 26, 1975",Mick Burke,United Kingdom,Disappeared,Mount Everest
August 1975,Unknown ; deaf-mute Sherpa porter,Nepal,Unknown,Mount Everest
"May 4, 1975",Wu Zhuong Yue [note 4],China,Fall,Mount Everest
"September 9, 1974",Sanu Wongal,Nepal,Avalanche,Mount Everest
"September 9, 1974",Nima Wangchu,Nepal,Avalanche,Mount Everest
"September 9, 1974",Nawang Lutuk,Nepal,Avalanche,Mount Everest
"September 9, 1974",Lhakpa,Nepal,Avalanche,Mount Everest
"September 9, 1974",Pemba Dorje,Nepal,Avalanche,Mount Everest
"September 9, 1974",Gérard Devouassoux,France,Avalanche,Mount Everest
"October 12, 1973",Jangbu,Nepal,Avalanche,Mount Everest
"November 16, 1972",Tony Tighe,Australia,Fall,Mount Everest
"April 18, 1971",Harsh Vardhan,India,Fall,Mount Everest
"April 21, 1970",Kiyoshi Narita,Japan,Heart attack,Mount Everest
"April 9, 1970",Kyak Tsering,Nepal,Fall,Mount Everest
"April 5, 1970",Kami Tshering,Nepal,Avalanche,Mount Everest
"April 5, 1970",Pasang,Nepal,Avalanche,Mount Everest
"April 5, 1970",Mima Norbu,Nepal,Avalanche,Mount Everest
"April 5, 1970",Kunga Norbu,Nepal,Avalanche,Mount Everest
"April 5, 1970",Nima Dorje,Nepal,Avalanche,Mount Everest
"October 18, 1969",Phu Dorjee Sherpa,Nepal,Fall,Mount Everest
"May 1, 1966",Ma Gao-shu,China,Fall,Mount Everest
"March 23, 1963",Jake Breitenbach,United States,Fall,Mount Everest
"April 28, 1962",Nawang Tshering,Nepal,Unknown,Mount Everest
"April 29, 1960",Shao Shi-Ching [note 3],China,Unknown,Mount Everest
"April 11, 1960",Wang Ji,China,Illness,Mount Everest
"October 31, 1952",Dorje Mingma,Nepal,Fall,Mount Everest
"May 31, 1934[note 2]",Maurice Wilson,United Kingdom,Exposure,Mount Everest
"June 9, 1924",George Mallory,United Kingdom,Fall,Mount Everest
"June 9, 1924",Andrew Irvine,United Kingdom,Unknown,Mount Everest
"May 17, 1924",Lance-Naik Shamsherpun,Nepal,Unknown,Mount Everest
"May 13, 1924",Man Bahadur,Nepal,Illness,Mount Everest
"June 7, 1922",Temba,Nepal,Avalanche,Mount Everest
"June 7, 1922",Sange,Nepal,Avalanche,Mount Everest
"June 7, 1922",Pema,Nepal,Avalanche,Mount Everest
"June 7, 1922",Pasang,Nepal,Avalanche,Mount Everest
"June 7, 1922",Norbu,Nepal,Avalanche,Mount Everest
"June 7, 1922",Lhakpa,Nepal,Avalanche,Mount Everest
"June 7, 1922",Dorge,Nepal,Avalanche,Mount Everest
